time,P(Max){W.m-3},P(total){W},Q_surf,T(Max){K},T_avg,ThermoC_1,ThermoC_10,ThermoC_2,ThermoC_3,ThermoC_4,ThermoC_5,ThermoC_6,ThermoC_7,ThermoC_8,ThermoC_9
0,0,0,0,0,423.15,0,0,0,0,0,0,0,0,0,0
1,215924430.73143,349.62916446683,274.96842557659,729.34723100375,509.7666720704,614.85360226503,460.30434241531,483.37239683347,555.47772116618,466.26584374098,443.8014575657,564.06379114723,611.95062335312,453.13658312189,519.49888176192
