time,P(Max){W.m-3},P(total){W},Q_surf,T(Max){K},T_avg,ThermoC_1,ThermoC_10,ThermoC_2,ThermoC_3,ThermoC_4,ThermoC_5,ThermoC_6,ThermoC_7,ThermoC_8,ThermoC_9
0,0,0,0,0,423.15,0,0,0,0,0,0,0,0,0,0
1,2289736458.2033,791.28367563456,629.01667262364,1104.2968093401,423.15,753.67941442529,423.15,423.15,676.86149185867,517.97426836491,453.78297698083,973.35486312318,423.15,423.15,423.15
