time,P(Max){W.m-3},P(total){W},Q_surf,T(Max){K},T_avg
0,0,0,0,0,423.15
1,2628515853.1838,682.87725863738,553.77481140495,1258.0948765673,423.15
