time,P(Max){W.m-3},P(total){W},Q_surf,T(Max){K},T_avg,ThermoC_1,ThermoC_10,ThermoC_2,ThermoC_3,ThermoC_4,ThermoC_5,ThermoC_6,ThermoC_7,ThermoC_8,ThermoC_9
0,0,0,0,0,423.15,0,0,0,0,0,0,0,0,0,0
1,2760430899.5987,717.14823373919,581.53822014099,1299.5794037718,423.15,810.28653760128,423.15,423.15,704.19727380056,523.17886025683,455.34003980087,1100.7130088331,423.15,423.15,423.15
