time,P(Max){W.m-3},P(total){W},Q_surf,T(Max){K},T_avg,ThermoC_1,ThermoC_10,ThermoC_2,ThermoC_3,ThermoC_4,ThermoC_5,ThermoC_6,ThermoC_7,ThermoC_8,ThermoC_9
0,0,0,0,0,423.15,0,0,0,0,0,0,0,0,0,0
1,219141066.84917,303.4198535678,238.9511822961,695.58671127518,498.83326303647,592.93701317555,455.27551454824,475.97669979971,539.6620577683,460.75772163749,441.03186228431,546.17440134771,586.60612205285,449.09986686983,506.57931049216
