time,P(Max){W.m-3},P(total){W},Q_surf,T(Max){K},T_avg,ThermoC_1,ThermoC_10,ThermoC_2,ThermoC_3,ThermoC_4,ThermoC_5,ThermoC_6,ThermoC_7,ThermoC_8,ThermoC_9
0,0,0,0,0,423.15,0,0,0,0,0,0,0,0,0,0
1,2628515753.853,682.87724067799,545.3672491564,1041.9367201967,423.15,718.31930779881,423.15,423.15,645.13217660552,506.21921938703,450.48373153618,917.77655122878,423.15,423.15,423.15
